{"stat.pickup.minecraft.repeating_command_block":3,"stat.useItem.minecraft.end_bricks":4,"stat.useItem.minecraft.chain_command_block":485,"stat.useItem.minecraft.quartz_block":45,"stat.leaveGame":72,"stat.useItem.minecraft.soul_sand":13,"stat.useItem.minecraft.repeating_command_block":35,"stat.useItem.minecraft.glowstone":31,"stat.mineBlock.minecraft.sandstone":63,"stat.useItem.minecraft.planks":328,"stat.useItem.minecraft.nether_brick_stairs":4,"stat.drop.minecraft.wooden_door":1,"stat.mineBlock.minecraft.red_sandstone":12,"stat.useItem.minecraft.water_bucket":41,"stat.pickup.minecraft.rotten_flesh":3,"stat.pickup.minecraft.sand":14,"stat.useItem.minecraft.vine":190,"stat.useItem.minecraft.rail":100,"stat.useItem.minecraft.anvil":3,"stat.mineBlock.minecraft.sand":15,"stat.drop.minecraft.gold_ingot":2,"stat.drop.minecraft.diamond":2,"stat.useItem.minecraft.spawn_egg":2,"stat.useItem.minecraft.red_glazed_terracotta":1,"stat.furnaceInteraction":44,"stat.pickup.minecraft.wooden_button":10,"stat.useItem.minecraft.end_stone":11,"stat.useItem.minecraft.red_sandstone":3,"stat.useItem.minecraft.stained_glass":21,"stat.useItem.minecraft.fence":187,"stat.pickup.minecraft.skull":1,"stat.useItem.minecraft.stone_stairs":5,"stat.killEntity.Horse":1,"stat.useItem.minecraft.ice":3,"stat.useItem.minecraft.flint_and_steel":38,"stat.useItem.minecraft.wooden_button":30,"stat.pickup.minecraft.emerald":13,"stat.mineBlock.minecraft.soul_sand":10,"stat.useItem.minecraft.dye":51,"stat.pickup.minecraft.lever":1,"stat.deaths":36,"stat.playOneMinute":857129,"stat.useItem.minecraft.nether_brick":5,"stat.drop.minecraft.chest":3,"stat.drop.minecraft.iron_ingot":4,"stat.pickup.minecraft.netherrack":176,"stat.chestOpened":43,"stat.useItem.minecraft.lapis_ore":27,"stat.useItem.minecraft.stone":3722,"stat.drop.minecraft.hopper":1,"stat.mineBlock.minecraft.netherrack":198,"stat.pickup.minecraft.arrow":2,"stat.craftItem.minecraft.quartz_block":1,"stat.craftItem.minecraft.coal":98,"stat.useItem.minecraft.quartz_ore":21,"stat.fallOneCm":7810,"stat.drop.minecraft.stone":5,"stat.drop.minecraft.dye":17,"stat.useItem.minecraft.trapped_chest":1,"stat.crouchOneCm":65343,"stat.craftItem.minecraft.diamond":23,"stat.mineBlock.minecraft.chest":5,"stat.craftItem.minecraft.iron_ingot":81,"stat.craftingTableInteraction":15,"stat.useItem.minecraft.emerald_ore":43,"stat.pickup.minecraft.emerald_ore":20,"stat.useItem.minecraft.dark_oak_fence":82,"stat.useItem.minecraft.furnace":20,"stat.pickup.minecraft.slime":4,"stat.drop.minecraft.concrete":1,"stat.pickup.minecraft.dye":1,"stat.pickup.minecraft.planks":40,"stat.useItem.minecraft.yellow_shulker_box":1,"stat.mineBlock.minecraft.gravel":19,"stat.useItem.minecraft.enchanting_table":2,"stat.useItem.minecraft.wool":35,"stat.mineBlock.minecraft.dirt":4,"stat.useItem.minecraft.iron_bars":7,"stat.mineBlock.minecraft.monster_egg":12,"stat.useItem.minecraft.torch":80,"stat.useItem.minecraft.log":78,"stat.useItem.minecraft.comparator":4,"stat.useItem.minecraft.cobblestone":236,"stat.craftItem.minecraft.crafting_table":1,"stat.useItem.minecraft.gravel":14,"stat.mineBlock.minecraft.emerald_ore":20,"stat.drop.minecraft.iron_ore":2,"stat.craftItem.minecraft.gold_ingot":151,"stat.pickup.minecraft.hopper":1,"stat.pickup.minecraft.wooden_door":1,"stat.useItem.minecraft.deadbush":2,"stat.useItem.minecraft.barrier":25,"stat.useItem.minecraft.stonebrick":255,"stat.useItem.minecraft.wooden_door":1,"stat.useItem.minecraft.monster_egg":97,"stat.sneakTime":53262,"stat.pickup.minecraft.wool":1,"stat.useItem.minecraft.fishing_rod":2,"stat.pickup.minecraft.chest":8,"stat.useItem.minecraft.web":43,"stat.useItem.minecraft.lapis_block":15,"stat.pickup.minecraft.bone":1,"stat.pickup.minecraft.redstone_torch":2,"stat.useItem.minecraft.log2":3,"stat.mineBlock.minecraft.cobblestone":62,"stat.mineBlock.minecraft.slime":5,"stat.entityKilledBy.Witch":1,"stat.useItem.minecraft.skull":5,"stat.useItem.minecraft.diamond_sword":17,"stat.swimOneCm":21605,"stat.useItem.minecraft.snow":14,"stat.useItem.minecraft.concrete_powder":2,"stat.climbOneCm":44080,"stat.pickup.minecraft.glowstone":9,"stat.useItem.minecraft.chorus_flower":5,"stat.useItem.minecraft.coal_block":3,"stat.useItem.minecraft.obsidian":71,"stat.useItem.minecraft.redstone_torch":52,"stat.useItem.minecraft.dirt":301,"stat.useItem.minecraft.mob_spawner":1,"stat.pickup.minecraft.anvil":1,"stat.useItem.minecraft.iron_ore":121,"stat.pickup.minecraft.coal_ore":132,"stat.pickup.minecraft.cobblestone":62,"stat.pickup.minecraft.gold_block":5,"stat.drop.minecraft.fence":1,"stat.useItem.minecraft.yellow_glazed_terracotta":1,"stat.flyOneCm":6516147,"stat.pickup.minecraft.sandstone":61,"stat.pickup.minecraft.soul_sand":10,"stat.pickup.minecraft.chain_command_block":1,"stat.craftItem.minecraft.emerald_block":1,"stat.mineBlock.minecraft.iron_ore":110,"stat.timeSinceDeath":15701,"stat.pickup.minecraft.quartz_ore":27,"stat.useItem.minecraft.sign":229,"stat.drop.minecraft.log":1,"stat.pickup.minecraft.mossy_cobblestone":81,"stat.useItem.minecraft.noteblock":2,"stat.craftItem.minecraft.iron_block":4,"stat.drop.minecraft.coal":2,"stat.useItem.minecraft.lever":25,"stat.pickup.minecraft.stonebrick":9,"stat.drop.minecraft.wool":1,"stat.mineBlock.minecraft.coal_ore":136,"stat.useItem.minecraft.armor_stand":6,"stat.drop.minecraft.spawn_egg":11,"stat.useItem.minecraft.chest_minecart":4,"stat.useItem.minecraft.sea_lantern":3,"stat.drop.minecraft.anvil":1,"stat.useItem.minecraft.written_book":16,"stat.useItem.minecraft.dragon_egg":5,"stat.sprintOneCm":597666,"stat.useItem.minecraft.diamond_block":83,"stat.useItem.minecraft.stone_slab":14,"stat.useItem.minecraft.bed":4,"stat.mineBlock.minecraft.diamond_ore":33,"stat.pickup.minecraft.grass":1,"stat.useItem.minecraft.diamond_pickaxe":2020,"stat.useItem.minecraft.ender_eye":6,"stat.pickup.minecraft.spawn_egg":1,"stat.mineBlock.minecraft.planks":40,"stat.drop.minecraft.redstone_ore":1,"stat.drop":61,"stat.useItem.minecraft.chorus_plant":4,"stat.pickup.minecraft.stone_button":1,"stat.useItem.minecraft.banner":5,"stat.useItem.minecraft.diamond_ore":68,"stat.useItem.minecraft.ladder":232,"stat.useItem.minecraft.purpur_block":17,"stat.craftItem.minecraft.emerald":15,"stat.killEntity.Zombie":3,"stat.mineBlock.minecraft.gold_ore":31,"stat.diveOneCm":24583,"stat.drop.minecraft.diamond_pickaxe":2,"stat.mineBlock.minecraft.mossy_cobblestone":85,"stat.useItem.minecraft.sticky_piston":4,"stat.pickup.minecraft.sign":52,"stat.pickup.minecraft.gravel":18,"stat.useItem.minecraft.carpet":28,"stat.useItem.minecraft.stained_glass_pane":4,"stat.useItem.minecraft.bedrock":91,"stat.jump":2381,"stat.useItem.minecraft.sand":88,"stat.useItem.minecraft.iron_trapdoor":30,"stat.pickup.minecraft.fence":1,"stat.pickup.minecraft.coal":21,"stat.pickup.minecraft.iron_ingot":16,"stat.useItem.minecraft.piston":32,"stat.pickup.minecraft.gunpowder":1,"stat.useItem.minecraft.coal_ore":136,"stat.useItem.minecraft.stone_button":19,"stat.pickup.minecraft.dirt":1,"stat.pickup.minecraft.diamond_ore":33,"stat.useItem.minecraft.light_weighted_pressure_plate":1,"stat.drop.minecraft.glass":1,"stat.pickup.minecraft.iron_ore":111,"stat.useItem.minecraft.glass":73,"stat.pickup.minecraft.gold_ore":31,"stat.useItem.minecraft.redstone_lamp":22,"stat.pickup.minecraft.red_sandstone":10,"stat.damageTaken":4480,"stat.useItem.minecraft.red_shulker_box":1,"stat.useItem.minecraft.stone_brick_stairs":34,"stat.useItem.minecraft.gold_block":48,"stat.noteblockTuned":2,"stat.useItem.minecraft.purple_shulker_box":2,"stat.useItem.minecraft.slime":9,"stat.pickup.minecraft.concrete":1,"stat.useItem.minecraft.end_portal_frame":13,"stat.useItem.minecraft.magma":35,"stat.entityKilledBy.Zombie":2,"stat.damageDealt":2048,"stat.useItem.minecraft.snow_layer":68,"stat.killEntity.Silverfish":8,"stat.useItem.minecraft.crafting_table":15,"stat.useItem.minecraft.command_block":77,"stat.walkOneCm":943479,"stat.useItem.minecraft.chest":44,"stat.pickup.minecraft.stick":1,"stat.pickup.minecraft.diamond_pickaxe":73,"stat.useItem.minecraft.pumpkin":3,"stat.useItem.minecraft.tnt":22,"stat.useItem.minecraft.emerald_block":6,"stat.useItem.minecraft.gold_ore":77,"stat.useItem.minecraft.lava_bucket":11,"stat.useItem.minecraft.redstone_block":46,"stat.shulkerBoxOpened":2,"stat.pickup.minecraft.stone":1054,"stat.drop.minecraft.emerald":2,"stat.useItem.minecraft.leaves":191,"stat.useItem.minecraft.redstone_ore":43,"stat.useItem.minecraft.cactus":9,"stat.pickup.minecraft.ladder":6,"stat.useItem.minecraft.concrete":29,"stat.useItem.minecraft.netherrack":479,"stat.pickup.minecraft.gold_ingot":20,"stat.useItem.minecraft.prismarine":78,"stat.killEntity.Skeleton":1,"stat.useItem.minecraft.iron_block":26,"stat.mineBlock.minecraft.quartz_ore":28,"stat.mineBlock.minecraft.glowstone":9,"stat.mobKills":15,"stat.useItem.minecraft.mossy_cobblestone":380,"stat.useItem.minecraft.cobblestone_wall":30,"stat.pickup.minecraft.diamond":16,"stat.craftItem.minecraft.coal_block":6,"stat.mineBlock.minecraft.stone":1067,"stat.useItem.minecraft.sandstone":531}