{
  "pools": [
    {
      "rolls": {
        "min": 1,
        "max": 6
      },
      "entries": [
        {
          "type": "item",
          "name": "minecraft:diamond",
          "weight": 2
        },
        {
          "type": "item",
          "name": "minecraft:gold_ingot",
          "weight": 2
        },
        {
          "type": "item",
          "name": "minecraft:emerald",
          "weight": 2
        },
        {
          "type": "item",
          "name": "minecraft:iron_ingot",
          "weight": 2
        },
        {
          "type": "item",
          "name": "minecraft:coal",
          "weight": 2,
          "functions": [
            {
              "function": "set_data",
              "data": 0
            }
          ]
        },
            {"type": "item",
          "name": "minecraft:ladder",
          "weight": 1,
          "functions": [
            {
              "function": "set_nbt",
              "tag": "{CanPlaceOn:[\"barrier\"]}"
            }
          ]
      },
        {  "type": "item",
          "name": "minecraft:dye",
          "weight": 1,
          "functions": [
            {
              "function": "set_data",
              "data": 5
          },
            {
              "function": "set_nbt",
              "tag": "{display:{Name:\"Tely\",Lore:[\"Lucky you!\"]}}"
            }
          ]
        }
      ]
    }
  ]
}